iteration,collectionName,requestName,method,url,status,code,responseTime,responseSize,executed,failed,skipped,totalAssertions,executedCount,failedCount,skippedCount
"1","Todos API","/todos","GET","localhost:8080/api/todos","OK","200","41","2","Successful request",,,"1","1","0","0"
"1","Todos API","/todos","POST","localhost:8080/api/todos","OK","200","7","46","Successful request",,,"1","1","0","0"
"1","Todos API","/todos/{id}","GET","localhost:8080/api/todos/1","OK","200","4","46","Successful request",,,"1","1","0","0"
"1","Todos API","/todos/{id}","PUT","localhost:8080/api/todos/1","OK","200","5","9","Successful request",,,"1","1","0","0"
"1","Todos API","/todos/{id}","DELETE","localhost:8080/api/todos/1","OK","200","4","9","Successful request",,,"1","1","0","0"
"2","Todos API","/todos","GET","localhost:8080/api/todos","OK","200","6","2","Successful request",,,"1","1","0","0"
"2","Todos API","/todos","POST","localhost:8080/api/todos","OK","200","6","46","Successful request",,,"1","1","0","0"
"2","Todos API","/todos/{id}","GET","localhost:8080/api/todos/2","OK","200","4","46","Successful request",,,"1","1","0","0"
"2","Todos API","/todos/{id}","PUT","localhost:8080/api/todos/2","OK","200","4","9","Successful request",,,"1","1","0","0"
"2","Todos API","/todos/{id}","DELETE","localhost:8080/api/todos/2","OK","200","4","9","Successful request",,,"1","1","0","0"
"3","Todos API","/todos","GET","localhost:8080/api/todos","OK","200","4","2","Successful request",,,"1","1","0","0"
"3","Todos API","/todos","POST","localhost:8080/api/todos","OK","200","5","46","Successful request",,,"1","1","0","0"
"3","Todos API","/todos/{id}","GET","localhost:8080/api/todos/3","OK","200","3","46","Successful request",,,"1","1","0","0"
"3","Todos API","/todos/{id}","PUT","localhost:8080/api/todos/3","OK","200","4","9","Successful request",,,"1","1","0","0"
"3","Todos API","/todos/{id}","DELETE","localhost:8080/api/todos/3","OK","200","3","9","Successful request",,,"1","1","0","0"
"4","Todos API","/todos","GET","localhost:8080/api/todos","OK","200","4","2","Successful request",,,"1","1","0","0"
"4","Todos API","/todos","POST","localhost:8080/api/todos","OK","200","6","46","Successful request",,,"1","1","0","0"
"4","Todos API","/todos/{id}","GET","localhost:8080/api/todos/4","OK","200","3","46","Successful request",,,"1","1","0","0"
"4","Todos API","/todos/{id}","PUT","localhost:8080/api/todos/4","OK","200","4","9","Successful request",,,"1","1","0","0"
"4","Todos API","/todos/{id}","DELETE","localhost:8080/api/todos/4","OK","200","4","9","Successful request",,,"1","1","0","0"
"5","Todos API","/todos","GET","localhost:8080/api/todos","OK","200","5","2","Successful request",,,"1","1","0","0"
"5","Todos API","/todos","POST","localhost:8080/api/todos","OK","200","5","46","Successful request",,,"1","1","0","0"
"5","Todos API","/todos/{id}","GET","localhost:8080/api/todos/5","OK","200","3","46","Successful request",,,"1","1","0","0"
"5","Todos API","/todos/{id}","PUT","localhost:8080/api/todos/5","OK","200","3","9","Successful request",,,"1","1","0","0"
"5","Todos API","/todos/{id}","DELETE","localhost:8080/api/todos/5","OK","200","3","9","Successful request",,,"1","1","0","0"
"6","Todos API","/todos","GET","localhost:8080/api/todos","OK","200","4","2","Successful request",,,"1","1","0","0"
"6","Todos API","/todos","POST","localhost:8080/api/todos","OK","200","7","46","Successful request",,,"1","1","0","0"
"6","Todos API","/todos/{id}","GET","localhost:8080/api/todos/6","OK","200","3","46","Successful request",,,"1","1","0","0"
"6","Todos API","/todos/{id}","PUT","localhost:8080/api/todos/6","OK","200","5","9","Successful request",,,"1","1","0","0"
"6","Todos API","/todos/{id}","DELETE","localhost:8080/api/todos/6","OK","200","3","9","Successful request",,,"1","1","0","0"
"7","Todos API","/todos","GET","localhost:8080/api/todos","OK","200","4","2","Successful request",,,"1","1","0","0"
"7","Todos API","/todos","POST","localhost:8080/api/todos","OK","200","4","46","Successful request",,,"1","1","0","0"
"7","Todos API","/todos/{id}","GET","localhost:8080/api/todos/7","OK","200","3","46","Successful request",,,"1","1","0","0"
"7","Todos API","/todos/{id}","PUT","localhost:8080/api/todos/7","OK","200","3","9","Successful request",,,"1","1","0","0"
"7","Todos API","/todos/{id}","DELETE","localhost:8080/api/todos/7","OK","200","3","9","Successful request",,,"1","1","0","0"
"8","Todos API","/todos","GET","localhost:8080/api/todos","OK","200","3","2","Successful request",,,"1","1","0","0"
"8","Todos API","/todos","POST","localhost:8080/api/todos","OK","200","4","46","Successful request",,,"1","1","0","0"
"8","Todos API","/todos/{id}","GET","localhost:8080/api/todos/8","OK","200","3","46","Successful request",,,"1","1","0","0"
"8","Todos API","/todos/{id}","PUT","localhost:8080/api/todos/8","OK","200","3","9","Successful request",,,"1","1","0","0"
"8","Todos API","/todos/{id}","DELETE","localhost:8080/api/todos/8","OK","200","3","9","Successful request",,,"1","1","0","0"
"9","Todos API","/todos","GET","localhost:8080/api/todos","OK","200","4","2","Successful request",,,"1","1","0","0"
"9","Todos API","/todos","POST","localhost:8080/api/todos","OK","200","4","46","Successful request",,,"1","1","0","0"
"9","Todos API","/todos/{id}","GET","localhost:8080/api/todos/9","OK","200","2","46","Successful request",,,"1","1","0","0"
"9","Todos API","/todos/{id}","PUT","localhost:8080/api/todos/9","OK","200","3","9","Successful request",,,"1","1","0","0"
"9","Todos API","/todos/{id}","DELETE","localhost:8080/api/todos/9","OK","200","3","9","Successful request",,,"1","1","0","0"
"10","Todos API","/todos","GET","localhost:8080/api/todos","OK","200","4","2","Successful request",,,"1","1","0","0"
"10","Todos API","/todos","POST","localhost:8080/api/todos","OK","200","4","47","Successful request",,,"1","1","0","0"
"10","Todos API","/todos/{id}","GET","localhost:8080/api/todos/10","OK","200","2","47","Successful request",,,"1","1","0","0"
"10","Todos API","/todos/{id}","PUT","localhost:8080/api/todos/10","OK","200","4","9","Successful request",,,"1","1","0","0"
"10","Todos API","/todos/{id}","DELETE","localhost:8080/api/todos/10","OK","200","3","9","Successful request",,,"1","1","0","0"
"11","Todos API","/todos","GET","localhost:8080/api/todos","OK","200","3","2","Successful request",,,"1","1","0","0"
"11","Todos API","/todos","POST","localhost:8080/api/todos","OK","200","4","47","Successful request",,,"1","1","0","0"
"11","Todos API","/todos/{id}","GET","localhost:8080/api/todos/11","OK","200","2","47","Successful request",,,"1","1","0","0"
"11","Todos API","/todos/{id}","PUT","localhost:8080/api/todos/11","OK","200","4","9","Successful request",,,"1","1","0","0"
"11","Todos API","/todos/{id}","DELETE","localhost:8080/api/todos/11","OK","200","5","9","Successful request",,,"1","1","0","0"
"12","Todos API","/todos","GET","localhost:8080/api/todos","OK","200","6","2","Successful request",,,"1","1","0","0"
"12","Todos API","/todos","POST","localhost:8080/api/todos","OK","200","4","47","Successful request",,,"1","1","0","0"
"12","Todos API","/todos/{id}","GET","localhost:8080/api/todos/12","OK","200","2","47","Successful request",,,"1","1","0","0"
"12","Todos API","/todos/{id}","PUT","localhost:8080/api/todos/12","OK","200","4","9","Successful request",,,"1","1","0","0"
"12","Todos API","/todos/{id}","DELETE","localhost:8080/api/todos/12","OK","200","3","9","Successful request",,,"1","1","0","0"
"13","Todos API","/todos","GET","localhost:8080/api/todos","OK","200","5","2","Successful request",,,"1","1","0","0"
"13","Todos API","/todos","POST","localhost:8080/api/todos","OK","200","5","47","Successful request",,,"1","1","0","0"
"13","Todos API","/todos/{id}","GET","localhost:8080/api/todos/13","OK","200","3","47","Successful request",,,"1","1","0","0"
"13","Todos API","/todos/{id}","PUT","localhost:8080/api/todos/13","OK","200","3","9","Successful request",,,"1","1","0","0"
"13","Todos API","/todos/{id}","DELETE","localhost:8080/api/todos/13","OK","200","2","9","Successful request",,,"1","1","0","0"
"14","Todos API","/todos","GET","localhost:8080/api/todos","OK","200","5","2","Successful request",,,"1","1","0","0"
"14","Todos API","/todos","POST","localhost:8080/api/todos","OK","200","4","47","Successful request",,,"1","1","0","0"
"14","Todos API","/todos/{id}","GET","localhost:8080/api/todos/14","OK","200","2","47","Successful request",,,"1","1","0","0"
"14","Todos API","/todos/{id}","PUT","localhost:8080/api/todos/14","OK","200","3","9","Successful request",,,"1","1","0","0"
"14","Todos API","/todos/{id}","DELETE","localhost:8080/api/todos/14","OK","200","3","9","Successful request",,,"1","1","0","0"
"15","Todos API","/todos","GET","localhost:8080/api/todos","OK","200","4","2","Successful request",,,"1","1","0","0"
"15","Todos API","/todos","POST","localhost:8080/api/todos","OK","200","5","47","Successful request",,,"1","1","0","0"
"15","Todos API","/todos/{id}","GET","localhost:8080/api/todos/15","OK","200","2","47","Successful request",,,"1","1","0","0"
"15","Todos API","/todos/{id}","PUT","localhost:8080/api/todos/15","OK","200","3","9","Successful request",,,"1","1","0","0"
"15","Todos API","/todos/{id}","DELETE","localhost:8080/api/todos/15","OK","200","3","9","Successful request",,,"1","1","0","0"
"16","Todos API","/todos","GET","localhost:8080/api/todos","OK","200","4","2","Successful request",,,"1","1","0","0"
"16","Todos API","/todos","POST","localhost:8080/api/todos","OK","200","5","47","Successful request",,,"1","1","0","0"
"16","Todos API","/todos/{id}","GET","localhost:8080/api/todos/16","OK","200","2","47","Successful request",,,"1","1","0","0"
"16","Todos API","/todos/{id}","PUT","localhost:8080/api/todos/16","OK","200","4","9","Successful request",,,"1","1","0","0"
"16","Todos API","/todos/{id}","DELETE","localhost:8080/api/todos/16","OK","200","2","9","Successful request",,,"1","1","0","0"
"17","Todos API","/todos","GET","localhost:8080/api/todos","OK","200","4","2","Successful request",,,"1","1","0","0"
"17","Todos API","/todos","POST","localhost:8080/api/todos","OK","200","4","47","Successful request",,,"1","1","0","0"
"17","Todos API","/todos/{id}","GET","localhost:8080/api/todos/17","OK","200","3","47","Successful request",,,"1","1","0","0"
"17","Todos API","/todos/{id}","PUT","localhost:8080/api/todos/17","OK","200","4","9","Successful request",,,"1","1","0","0"
"17","Todos API","/todos/{id}","DELETE","localhost:8080/api/todos/17","OK","200","2","9","Successful request",,,"1","1","0","0"
"18","Todos API","/todos","GET","localhost:8080/api/todos","OK","200","4","2","Successful request",,,"1","1","0","0"
"18","Todos API","/todos","POST","localhost:8080/api/todos","OK","200","4","47","Successful request",,,"1","1","0","0"
"18","Todos API","/todos/{id}","GET","localhost:8080/api/todos/18","OK","200","3","47","Successful request",,,"1","1","0","0"
"18","Todos API","/todos/{id}","PUT","localhost:8080/api/todos/18","OK","200","3","9","Successful request",,,"1","1","0","0"
"18","Todos API","/todos/{id}","DELETE","localhost:8080/api/todos/18","OK","200","3","9","Successful request",,,"1","1","0","0"
"19","Todos API","/todos","GET","localhost:8080/api/todos","OK","200","3","2","Successful request",,,"1","1","0","0"
"19","Todos API","/todos","POST","localhost:8080/api/todos","OK","200","5","47","Successful request",,,"1","1","0","0"
"19","Todos API","/todos/{id}","GET","localhost:8080/api/todos/19","OK","200","2","47","Successful request",,,"1","1","0","0"
"19","Todos API","/todos/{id}","PUT","localhost:8080/api/todos/19","OK","200","4","9","Successful request",,,"1","1","0","0"
"19","Todos API","/todos/{id}","DELETE","localhost:8080/api/todos/19","OK","200","3","9","Successful request",,,"1","1","0","0"
"20","Todos API","/todos","GET","localhost:8080/api/todos","OK","200","4","2","Successful request",,,"1","1","0","0"
"20","Todos API","/todos","POST","localhost:8080/api/todos","OK","200","4","47","Successful request",,,"1","1","0","0"
"20","Todos API","/todos/{id}","GET","localhost:8080/api/todos/20","OK","200","2","47","Successful request",,,"1","1","0","0"
"20","Todos API","/todos/{id}","PUT","localhost:8080/api/todos/20","OK","200","3","9","Successful request",,,"1","1","0","0"
"20","Todos API","/todos/{id}","DELETE","localhost:8080/api/todos/20","OK","200","2","9","Successful request",,,"1","1","0","0"
"21","Todos API","/todos","GET","localhost:8080/api/todos","OK","200","4","2","Successful request",,,"1","1","0","0"
"21","Todos API","/todos","POST","localhost:8080/api/todos","OK","200","5","47","Successful request",,,"1","1","0","0"
"21","Todos API","/todos/{id}","GET","localhost:8080/api/todos/21","OK","200","2","47","Successful request",,,"1","1","0","0"
"21","Todos API","/todos/{id}","PUT","localhost:8080/api/todos/21","OK","200","4","9","Successful request",,,"1","1","0","0"
"21","Todos API","/todos/{id}","DELETE","localhost:8080/api/todos/21","OK","200","3","9","Successful request",,,"1","1","0","0"
"22","Todos API","/todos","GET","localhost:8080/api/todos","OK","200","4","2","Successful request",,,"1","1","0","0"
"22","Todos API","/todos","POST","localhost:8080/api/todos","OK","200","4","47","Successful request",,,"1","1","0","0"
"22","Todos API","/todos/{id}","GET","localhost:8080/api/todos/22","OK","200","2","47","Successful request",,,"1","1","0","0"
"22","Todos API","/todos/{id}","PUT","localhost:8080/api/todos/22","OK","200","3","9","Successful request",,,"1","1","0","0"
"22","Todos API","/todos/{id}","DELETE","localhost:8080/api/todos/22","OK","200","3","9","Successful request",,,"1","1","0","0"
"23","Todos API","/todos","GET","localhost:8080/api/todos","OK","200","4","2","Successful request",,,"1","1","0","0"
"23","Todos API","/todos","POST","localhost:8080/api/todos","OK","200","4","47","Successful request",,,"1","1","0","0"
"23","Todos API","/todos/{id}","GET","localhost:8080/api/todos/23","OK","200","3","47","Successful request",,,"1","1","0","0"
"23","Todos API","/todos/{id}","PUT","localhost:8080/api/todos/23","OK","200","3","9","Successful request",,,"1","1","0","0"
"23","Todos API","/todos/{id}","DELETE","localhost:8080/api/todos/23","OK","200","3","9","Successful request",,,"1","1","0","0"
"24","Todos API","/todos","GET","localhost:8080/api/todos","OK","200","3","2","Successful request",,,"1","1","0","0"
"24","Todos API","/todos","POST","localhost:8080/api/todos","OK","200","4","47","Successful request",,,"1","1","0","0"
"24","Todos API","/todos/{id}","GET","localhost:8080/api/todos/24","OK","200","3","47","Successful request",,,"1","1","0","0"
"24","Todos API","/todos/{id}","PUT","localhost:8080/api/todos/24","OK","200","3","9","Successful request",,,"1","1","0","0"
"24","Todos API","/todos/{id}","DELETE","localhost:8080/api/todos/24","OK","200","3","9","Successful request",,,"1","1","0","0"
"25","Todos API","/todos","GET","localhost:8080/api/todos","OK","200","5","2","Successful request",,,"1","1","0","0"
"25","Todos API","/todos","POST","localhost:8080/api/todos","OK","200","5","47","Successful request",,,"1","1","0","0"
"25","Todos API","/todos/{id}","GET","localhost:8080/api/todos/25","OK","200","3","47","Successful request",,,"1","1","0","0"
"25","Todos API","/todos/{id}","PUT","localhost:8080/api/todos/25","OK","200","3","9","Successful request",,,"1","1","0","0"
"25","Todos API","/todos/{id}","DELETE","localhost:8080/api/todos/25","OK","200","3","9","Successful request",,,"1","1","0","0"
"26","Todos API","/todos","GET","localhost:8080/api/todos","OK","200","4","2","Successful request",,,"1","1","0","0"
"26","Todos API","/todos","POST","localhost:8080/api/todos","OK","200","4","47","Successful request",,,"1","1","0","0"
"26","Todos API","/todos/{id}","GET","localhost:8080/api/todos/26","OK","200","3","47","Successful request",,,"1","1","0","0"
"26","Todos API","/todos/{id}","PUT","localhost:8080/api/todos/26","OK","200","2","9","Successful request",,,"1","1","0","0"
"26","Todos API","/todos/{id}","DELETE","localhost:8080/api/todos/26","OK","200","3","9","Successful request",,,"1","1","0","0"
"27","Todos API","/todos","GET","localhost:8080/api/todos","OK","200","3","2","Successful request",,,"1","1","0","0"
"27","Todos API","/todos","POST","localhost:8080/api/todos","OK","200","5","47","Successful request",,,"1","1","0","0"
"27","Todos API","/todos/{id}","GET","localhost:8080/api/todos/27","OK","200","3","47","Successful request",,,"1","1","0","0"
"27","Todos API","/todos/{id}","PUT","localhost:8080/api/todos/27","OK","200","3","9","Successful request",,,"1","1","0","0"
"27","Todos API","/todos/{id}","DELETE","localhost:8080/api/todos/27","OK","200","2","9","Successful request",,,"1","1","0","0"
"28","Todos API","/todos","GET","localhost:8080/api/todos","OK","200","5","2","Successful request",,,"1","1","0","0"
"28","Todos API","/todos","POST","localhost:8080/api/todos","OK","200","5","47","Successful request",,,"1","1","0","0"
"28","Todos API","/todos/{id}","GET","localhost:8080/api/todos/28","OK","200","3","47","Successful request",,,"1","1","0","0"
"28","Todos API","/todos/{id}","PUT","localhost:8080/api/todos/28","OK","200","3","9","Successful request",,,"1","1","0","0"
"28","Todos API","/todos/{id}","DELETE","localhost:8080/api/todos/28","OK","200","4","9","Successful request",,,"1","1","0","0"
"29","Todos API","/todos","GET","localhost:8080/api/todos","OK","200","4","2","Successful request",,,"1","1","0","0"
"29","Todos API","/todos","POST","localhost:8080/api/todos","OK","200","4","47","Successful request",,,"1","1","0","0"
"29","Todos API","/todos/{id}","GET","localhost:8080/api/todos/29","OK","200","4","47","Successful request",,,"1","1","0","0"
"29","Todos API","/todos/{id}","PUT","localhost:8080/api/todos/29","OK","200","3","9","Successful request",,,"1","1","0","0"
"29","Todos API","/todos/{id}","DELETE","localhost:8080/api/todos/29","OK","200","3","9","Successful request",,,"1","1","0","0"
"30","Todos API","/todos","GET","localhost:8080/api/todos","OK","200","5","2","Successful request",,,"1","1","0","0"
"30","Todos API","/todos","POST","localhost:8080/api/todos","OK","200","4","47","Successful request",,,"1","1","0","0"
"30","Todos API","/todos/{id}","GET","localhost:8080/api/todos/30","OK","200","4","47","Successful request",,,"1","1","0","0"
"30","Todos API","/todos/{id}","PUT","localhost:8080/api/todos/30","OK","200","2","9","Successful request",,,"1","1","0","0"
"30","Todos API","/todos/{id}","DELETE","localhost:8080/api/todos/30","OK","200","3","9","Successful request",,,"1","1","0","0"
"31","Todos API","/todos","GET","localhost:8080/api/todos","OK","200","4","2","Successful request",,,"1","1","0","0"
"31","Todos API","/todos","POST","localhost:8080/api/todos","OK","200","4","47","Successful request",,,"1","1","0","0"
"31","Todos API","/todos/{id}","GET","localhost:8080/api/todos/31","OK","200","3","47","Successful request",,,"1","1","0","0"
"31","Todos API","/todos/{id}","PUT","localhost:8080/api/todos/31","OK","200","3","9","Successful request",,,"1","1","0","0"
"31","Todos API","/todos/{id}","DELETE","localhost:8080/api/todos/31","OK","200","3","9","Successful request",,,"1","1","0","0"
"32","Todos API","/todos","GET","localhost:8080/api/todos","OK","200","4","2","Successful request",,,"1","1","0","0"
"32","Todos API","/todos","POST","localhost:8080/api/todos","OK","200","4","47","Successful request",,,"1","1","0","0"
"32","Todos API","/todos/{id}","GET","localhost:8080/api/todos/32","OK","200","2","47","Successful request",,,"1","1","0","0"
"32","Todos API","/todos/{id}","PUT","localhost:8080/api/todos/32","OK","200","4","9","Successful request",,,"1","1","0","0"
"32","Todos API","/todos/{id}","DELETE","localhost:8080/api/todos/32","OK","200","3","9","Successful request",,,"1","1","0","0"
"33","Todos API","/todos","GET","localhost:8080/api/todos","OK","200","4","2","Successful request",,,"1","1","0","0"
"33","Todos API","/todos","POST","localhost:8080/api/todos","OK","200","4","47","Successful request",,,"1","1","0","0"
"33","Todos API","/todos/{id}","GET","localhost:8080/api/todos/33","OK","200","2","47","Successful request",,,"1","1","0","0"
"33","Todos API","/todos/{id}","PUT","localhost:8080/api/todos/33","OK","200","3","9","Successful request",,,"1","1","0","0"
"33","Todos API","/todos/{id}","DELETE","localhost:8080/api/todos/33","OK","200","2","9","Successful request",,,"1","1","0","0"
"34","Todos API","/todos","GET","localhost:8080/api/todos","OK","200","3","2","Successful request",,,"1","1","0","0"
"34","Todos API","/todos","POST","localhost:8080/api/todos","OK","200","4","47","Successful request",,,"1","1","0","0"
"34","Todos API","/todos/{id}","GET","localhost:8080/api/todos/34","OK","200","3","47","Successful request",,,"1","1","0","0"
"34","Todos API","/todos/{id}","PUT","localhost:8080/api/todos/34","OK","200","2","9","Successful request",,,"1","1","0","0"
"34","Todos API","/todos/{id}","DELETE","localhost:8080/api/todos/34","OK","200","2","9","Successful request",,,"1","1","0","0"
"35","Todos API","/todos","GET","localhost:8080/api/todos","OK","200","4","2","Successful request",,,"1","1","0","0"
"35","Todos API","/todos","POST","localhost:8080/api/todos","OK","200","5","47","Successful request",,,"1","1","0","0"
"35","Todos API","/todos/{id}","GET","localhost:8080/api/todos/35","OK","200","2","47","Successful request",,,"1","1","0","0"
"35","Todos API","/todos/{id}","PUT","localhost:8080/api/todos/35","OK","200","3","9","Successful request",,,"1","1","0","0"
"35","Todos API","/todos/{id}","DELETE","localhost:8080/api/todos/35","OK","200","3","9","Successful request",,,"1","1","0","0"
"36","Todos API","/todos","GET","localhost:8080/api/todos","OK","200","4","2","Successful request",,,"1","1","0","0"
"36","Todos API","/todos","POST","localhost:8080/api/todos","OK","200","4","47","Successful request",,,"1","1","0","0"
"36","Todos API","/todos/{id}","GET","localhost:8080/api/todos/36","OK","200","3","47","Successful request",,,"1","1","0","0"
"36","Todos API","/todos/{id}","PUT","localhost:8080/api/todos/36","OK","200","3","9","Successful request",,,"1","1","0","0"
"36","Todos API","/todos/{id}","DELETE","localhost:8080/api/todos/36","OK","200","3","9","Successful request",,,"1","1","0","0"
"37","Todos API","/todos","GET","localhost:8080/api/todos","OK","200","3","2","Successful request",,,"1","1","0","0"
"37","Todos API","/todos","POST","localhost:8080/api/todos","OK","200","5","47","Successful request",,,"1","1","0","0"
"37","Todos API","/todos/{id}","GET","localhost:8080/api/todos/37","OK","200","2","47","Successful request",,,"1","1","0","0"
"37","Todos API","/todos/{id}","PUT","localhost:8080/api/todos/37","OK","200","3","9","Successful request",,,"1","1","0","0"
"37","Todos API","/todos/{id}","DELETE","localhost:8080/api/todos/37","OK","200","3","9","Successful request",,,"1","1","0","0"
"38","Todos API","/todos","GET","localhost:8080/api/todos","OK","200","4","2","Successful request",,,"1","1","0","0"
"38","Todos API","/todos","POST","localhost:8080/api/todos","OK","200","5","47","Successful request",,,"1","1","0","0"
"38","Todos API","/todos/{id}","GET","localhost:8080/api/todos/38","OK","200","2","47","Successful request",,,"1","1","0","0"
"38","Todos API","/todos/{id}","PUT","localhost:8080/api/todos/38","OK","200","3","9","Successful request",,,"1","1","0","0"
"38","Todos API","/todos/{id}","DELETE","localhost:8080/api/todos/38","OK","200","3","9","Successful request",,,"1","1","0","0"
"39","Todos API","/todos","GET","localhost:8080/api/todos","OK","200","4","2","Successful request",,,"1","1","0","0"
"39","Todos API","/todos","POST","localhost:8080/api/todos","OK","200","5","47","Successful request",,,"1","1","0","0"
"39","Todos API","/todos/{id}","GET","localhost:8080/api/todos/39","OK","200","3","47","Successful request",,,"1","1","0","0"
"39","Todos API","/todos/{id}","PUT","localhost:8080/api/todos/39","OK","200","3","9","Successful request",,,"1","1","0","0"
"39","Todos API","/todos/{id}","DELETE","localhost:8080/api/todos/39","OK","200","4","9","Successful request",,,"1","1","0","0"
"40","Todos API","/todos","GET","localhost:8080/api/todos","OK","200","4","2","Successful request",,,"1","1","0","0"
"40","Todos API","/todos","POST","localhost:8080/api/todos","OK","200","4","47","Successful request",,,"1","1","0","0"
"40","Todos API","/todos/{id}","GET","localhost:8080/api/todos/40","OK","200","2","47","Successful request",,,"1","1","0","0"
"40","Todos API","/todos/{id}","PUT","localhost:8080/api/todos/40","OK","200","3","9","Successful request",,,"1","1","0","0"
"40","Todos API","/todos/{id}","DELETE","localhost:8080/api/todos/40","OK","200","3","9","Successful request",,,"1","1","0","0"
"41","Todos API","/todos","GET","localhost:8080/api/todos","OK","200","4","2","Successful request",,,"1","1","0","0"
"41","Todos API","/todos","POST","localhost:8080/api/todos","OK","200","7","47","Successful request",,,"1","1","0","0"
"41","Todos API","/todos/{id}","GET","localhost:8080/api/todos/41","OK","200","2","47","Successful request",,,"1","1","0","0"
"41","Todos API","/todos/{id}","PUT","localhost:8080/api/todos/41","OK","200","3","9","Successful request",,,"1","1","0","0"
"41","Todos API","/todos/{id}","DELETE","localhost:8080/api/todos/41","OK","200","3","9","Successful request",,,"1","1","0","0"
"42","Todos API","/todos","GET","localhost:8080/api/todos","OK","200","3","2","Successful request",,,"1","1","0","0"
"42","Todos API","/todos","POST","localhost:8080/api/todos","OK","200","5","47","Successful request",,,"1","1","0","0"
"42","Todos API","/todos/{id}","GET","localhost:8080/api/todos/42","OK","200","2","47","Successful request",,,"1","1","0","0"
"42","Todos API","/todos/{id}","PUT","localhost:8080/api/todos/42","OK","200","3","9","Successful request",,,"1","1","0","0"
"42","Todos API","/todos/{id}","DELETE","localhost:8080/api/todos/42","OK","200","3","9","Successful request",,,"1","1","0","0"
"43","Todos API","/todos","GET","localhost:8080/api/todos","OK","200","4","2","Successful request",,,"1","1","0","0"
"43","Todos API","/todos","POST","localhost:8080/api/todos","OK","200","4","47","Successful request",,,"1","1","0","0"
"43","Todos API","/todos/{id}","GET","localhost:8080/api/todos/43","OK","200","3","47","Successful request",,,"1","1","0","0"
"43","Todos API","/todos/{id}","PUT","localhost:8080/api/todos/43","OK","200","3","9","Successful request",,,"1","1","0","0"
"43","Todos API","/todos/{id}","DELETE","localhost:8080/api/todos/43","OK","200","3","9","Successful request",,,"1","1","0","0"
"44","Todos API","/todos","GET","localhost:8080/api/todos","OK","200","4","2","Successful request",,,"1","1","0","0"
"44","Todos API","/todos","POST","localhost:8080/api/todos","OK","200","4","47","Successful request",,,"1","1","0","0"
"44","Todos API","/todos/{id}","GET","localhost:8080/api/todos/44","OK","200","2","47","Successful request",,,"1","1","0","0"
"44","Todos API","/todos/{id}","PUT","localhost:8080/api/todos/44","OK","200","3","9","Successful request",,,"1","1","0","0"
"44","Todos API","/todos/{id}","DELETE","localhost:8080/api/todos/44","OK","200","4","9","Successful request",,,"1","1","0","0"
"45","Todos API","/todos","GET","localhost:8080/api/todos","OK","200","3","2","Successful request",,,"1","1","0","0"
"45","Todos API","/todos","POST","localhost:8080/api/todos","OK","200","4","47","Successful request",,,"1","1","0","0"
"45","Todos API","/todos/{id}","GET","localhost:8080/api/todos/45","OK","200","2","47","Successful request",,,"1","1","0","0"
"45","Todos API","/todos/{id}","PUT","localhost:8080/api/todos/45","OK","200","3","9","Successful request",,,"1","1","0","0"
"45","Todos API","/todos/{id}","DELETE","localhost:8080/api/todos/45","OK","200","3","9","Successful request",,,"1","1","0","0"
"46","Todos API","/todos","GET","localhost:8080/api/todos","OK","200","4","2","Successful request",,,"1","1","0","0"
"46","Todos API","/todos","POST","localhost:8080/api/todos","OK","200","4","47","Successful request",,,"1","1","0","0"
"46","Todos API","/todos/{id}","GET","localhost:8080/api/todos/46","OK","200","2","47","Successful request",,,"1","1","0","0"
"46","Todos API","/todos/{id}","PUT","localhost:8080/api/todos/46","OK","200","3","9","Successful request",,,"1","1","0","0"
"46","Todos API","/todos/{id}","DELETE","localhost:8080/api/todos/46","OK","200","3","9","Successful request",,,"1","1","0","0"
"47","Todos API","/todos","GET","localhost:8080/api/todos","OK","200","4","2","Successful request",,,"1","1","0","0"
"47","Todos API","/todos","POST","localhost:8080/api/todos","OK","200","4","47","Successful request",,,"1","1","0","0"
"47","Todos API","/todos/{id}","GET","localhost:8080/api/todos/47","OK","200","3","47","Successful request",,,"1","1","0","0"
"47","Todos API","/todos/{id}","PUT","localhost:8080/api/todos/47","OK","200","3","9","Successful request",,,"1","1","0","0"
"47","Todos API","/todos/{id}","DELETE","localhost:8080/api/todos/47","OK","200","3","9","Successful request",,,"1","1","0","0"
"48","Todos API","/todos","GET","localhost:8080/api/todos","OK","200","4","2","Successful request",,,"1","1","0","0"
"48","Todos API","/todos","POST","localhost:8080/api/todos","OK","200","4","47","Successful request",,,"1","1","0","0"
"48","Todos API","/todos/{id}","GET","localhost:8080/api/todos/48","OK","200","2","47","Successful request",,,"1","1","0","0"
"48","Todos API","/todos/{id}","PUT","localhost:8080/api/todos/48","OK","200","3","9","Successful request",,,"1","1","0","0"
"48","Todos API","/todos/{id}","DELETE","localhost:8080/api/todos/48","OK","200","3","9","Successful request",,,"1","1","0","0"
"49","Todos API","/todos","GET","localhost:8080/api/todos","OK","200","3","2","Successful request",,,"1","1","0","0"
"49","Todos API","/todos","POST","localhost:8080/api/todos","OK","200","5","47","Successful request",,,"1","1","0","0"
"49","Todos API","/todos/{id}","GET","localhost:8080/api/todos/49","OK","200","3","47","Successful request",,,"1","1","0","0"
"49","Todos API","/todos/{id}","PUT","localhost:8080/api/todos/49","OK","200","3","9","Successful request",,,"1","1","0","0"
"49","Todos API","/todos/{id}","DELETE","localhost:8080/api/todos/49","OK","200","3","9","Successful request",,,"1","1","0","0"
"50","Todos API","/todos","GET","localhost:8080/api/todos","OK","200","4","2","Successful request",,,"1","1","0","0"
"50","Todos API","/todos","POST","localhost:8080/api/todos","OK","200","5","47","Successful request",,,"1","1","0","0"
"50","Todos API","/todos/{id}","GET","localhost:8080/api/todos/50","OK","200","2","47","Successful request",,,"1","1","0","0"
"50","Todos API","/todos/{id}","PUT","localhost:8080/api/todos/50","OK","200","3","9","Successful request",,,"1","1","0","0"
"50","Todos API","/todos/{id}","DELETE","localhost:8080/api/todos/50","OK","200","2","9","Successful request",,,"1","1","0","0"
"51","Todos API","/todos","GET","localhost:8080/api/todos","OK","200","4","2","Successful request",,,"1","1","0","0"
"51","Todos API","/todos","POST","localhost:8080/api/todos","OK","200","4","47","Successful request",,,"1","1","0","0"
"51","Todos API","/todos/{id}","GET","localhost:8080/api/todos/51","OK","200","2","47","Successful request",,,"1","1","0","0"
"51","Todos API","/todos/{id}","PUT","localhost:8080/api/todos/51","OK","200","3","9","Successful request",,,"1","1","0","0"
"51","Todos API","/todos/{id}","DELETE","localhost:8080/api/todos/51","OK","200","3","9","Successful request",,,"1","1","0","0"
"52","Todos API","/todos","GET","localhost:8080/api/todos","OK","200","3","2","Successful request",,,"1","1","0","0"
"52","Todos API","/todos","POST","localhost:8080/api/todos","OK","200","5","47","Successful request",,,"1","1","0","0"
"52","Todos API","/todos/{id}","GET","localhost:8080/api/todos/52","OK","200","3","47","Successful request",,,"1","1","0","0"
"52","Todos API","/todos/{id}","PUT","localhost:8080/api/todos/52","OK","200","3","9","Successful request",,,"1","1","0","0"
"52","Todos API","/todos/{id}","DELETE","localhost:8080/api/todos/52","OK","200","3","9","Successful request",,,"1","1","0","0"
"53","Todos API","/todos","GET","localhost:8080/api/todos","OK","200","3","2","Successful request",,,"1","1","0","0"
"53","Todos API","/todos","POST","localhost:8080/api/todos","OK","200","4","47","Successful request",,,"1","1","0","0"
"53","Todos API","/todos/{id}","GET","localhost:8080/api/todos/53","OK","200","4","47","Successful request",,,"1","1","0","0"
"53","Todos API","/todos/{id}","PUT","localhost:8080/api/todos/53","OK","200","4","9","Successful request",,,"1","1","0","0"
"53","Todos API","/todos/{id}","DELETE","localhost:8080/api/todos/53","OK","200","4","9","Successful request",,,"1","1","0","0"
"54","Todos API","/todos","GET","localhost:8080/api/todos","OK","200","4","2","Successful request",,,"1","1","0","0"
"54","Todos API","/todos","POST","localhost:8080/api/todos","OK","200","4","47","Successful request",,,"1","1","0","0"
"54","Todos API","/todos/{id}","GET","localhost:8080/api/todos/54","OK","200","2","47","Successful request",,,"1","1","0","0"
"54","Todos API","/todos/{id}","PUT","localhost:8080/api/todos/54","OK","200","4","9","Successful request",,,"1","1","0","0"
"54","Todos API","/todos/{id}","DELETE","localhost:8080/api/todos/54","OK","200","3","9","Successful request",,,"1","1","0","0"
"55","Todos API","/todos","GET","localhost:8080/api/todos","OK","200","4","2","Successful request",,,"1","1","0","0"
"55","Todos API","/todos","POST","localhost:8080/api/todos","OK","200","5","47","Successful request",,,"1","1","0","0"
"55","Todos API","/todos/{id}","GET","localhost:8080/api/todos/55","OK","200","3","47","Successful request",,,"1","1","0","0"
"55","Todos API","/todos/{id}","PUT","localhost:8080/api/todos/55","OK","200","3","9","Successful request",,,"1","1","0","0"
"55","Todos API","/todos/{id}","DELETE","localhost:8080/api/todos/55","OK","200","3","9","Successful request",,,"1","1","0","0"
"56","Todos API","/todos","GET","localhost:8080/api/todos","OK","200","3","2","Successful request",,,"1","1","0","0"
"56","Todos API","/todos","POST","localhost:8080/api/todos","OK","200","4","47","Successful request",,,"1","1","0","0"
"56","Todos API","/todos/{id}","GET","localhost:8080/api/todos/56","OK","200","3","47","Successful request",,,"1","1","0","0"
"56","Todos API","/todos/{id}","PUT","localhost:8080/api/todos/56","OK","200","3","9","Successful request",,,"1","1","0","0"
"56","Todos API","/todos/{id}","DELETE","localhost:8080/api/todos/56","OK","200","3","9","Successful request",,,"1","1","0","0"
"57","Todos API","/todos","GET","localhost:8080/api/todos","OK","200","3","2","Successful request",,,"1","1","0","0"
"57","Todos API","/todos","POST","localhost:8080/api/todos","OK","200","4","47","Successful request",,,"1","1","0","0"
"57","Todos API","/todos/{id}","GET","localhost:8080/api/todos/57","OK","200","2","47","Successful request",,,"1","1","0","0"
"57","Todos API","/todos/{id}","PUT","localhost:8080/api/todos/57","OK","200","3","9","Successful request",,,"1","1","0","0"
"57","Todos API","/todos/{id}","DELETE","localhost:8080/api/todos/57","OK","200","4","9","Successful request",,,"1","1","0","0"
"58","Todos API","/todos","GET","localhost:8080/api/todos","OK","200","3","2","Successful request",,,"1","1","0","0"
"58","Todos API","/todos","POST","localhost:8080/api/todos","OK","200","5","47","Successful request",,,"1","1","0","0"
"58","Todos API","/todos/{id}","GET","localhost:8080/api/todos/58","OK","200","2","47","Successful request",,,"1","1","0","0"
"58","Todos API","/todos/{id}","PUT","localhost:8080/api/todos/58","OK","200","4","9","Successful request",,,"1","1","0","0"
"58","Todos API","/todos/{id}","DELETE","localhost:8080/api/todos/58","OK","200","3","9","Successful request",,,"1","1","0","0"
"59","Todos API","/todos","GET","localhost:8080/api/todos","OK","200","4","2","Successful request",,,"1","1","0","0"
"59","Todos API","/todos","POST","localhost:8080/api/todos","OK","200","4","47","Successful request",,,"1","1","0","0"
"59","Todos API","/todos/{id}","GET","localhost:8080/api/todos/59","OK","200","2","47","Successful request",,,"1","1","0","0"
"59","Todos API","/todos/{id}","PUT","localhost:8080/api/todos/59","OK","200","3","9","Successful request",,,"1","1","0","0"
"59","Todos API","/todos/{id}","DELETE","localhost:8080/api/todos/59","OK","200","2","9","Successful request",,,"1","1","0","0"
"60","Todos API","/todos","GET","localhost:8080/api/todos","OK","200","3","2","Successful request",,,"1","1","0","0"
"60","Todos API","/todos","POST","localhost:8080/api/todos","OK","200","7","47","Successful request",,,"1","1","0","0"
"60","Todos API","/todos/{id}","GET","localhost:8080/api/todos/60","OK","200","3","47","Successful request",,,"1","1","0","0"
"60","Todos API","/todos/{id}","PUT","localhost:8080/api/todos/60","OK","200","4","9","Successful request",,,"1","1","0","0"
"60","Todos API","/todos/{id}","DELETE","localhost:8080/api/todos/60","OK","200","2","9","Successful request",,,"1","1","0","0"
"61","Todos API","/todos","GET","localhost:8080/api/todos","OK","200","4","2","Successful request",,,"1","1","0","0"
"61","Todos API","/todos","POST","localhost:8080/api/todos","OK","200","4","47","Successful request",,,"1","1","0","0"
"61","Todos API","/todos/{id}","GET","localhost:8080/api/todos/61","OK","200","3","47","Successful request",,,"1","1","0","0"
"61","Todos API","/todos/{id}","PUT","localhost:8080/api/todos/61","OK","200","3","9","Successful request",,,"1","1","0","0"
"61","Todos API","/todos/{id}","DELETE","localhost:8080/api/todos/61","OK","200","3","9","Successful request",,,"1","1","0","0"
"62","Todos API","/todos","GET","localhost:8080/api/todos","OK","200","4","2","Successful request",,,"1","1","0","0"
"62","Todos API","/todos","POST","localhost:8080/api/todos","OK","200","4","47","Successful request",,,"1","1","0","0"
"62","Todos API","/todos/{id}","GET","localhost:8080/api/todos/62","OK","200","2","47","Successful request",,,"1","1","0","0"
"62","Todos API","/todos/{id}","PUT","localhost:8080/api/todos/62","OK","200","2","9","Successful request",,,"1","1","0","0"
"62","Todos API","/todos/{id}","DELETE","localhost:8080/api/todos/62","OK","200","3","9","Successful request",,,"1","1","0","0"
"63","Todos API","/todos","GET","localhost:8080/api/todos","OK","200","4","2","Successful request",,,"1","1","0","0"
"63","Todos API","/todos","POST","localhost:8080/api/todos","OK","200","4","47","Successful request",,,"1","1","0","0"
"63","Todos API","/todos/{id}","GET","localhost:8080/api/todos/63","OK","200","2","47","Successful request",,,"1","1","0","0"
"63","Todos API","/todos/{id}","PUT","localhost:8080/api/todos/63","OK","200","3","9","Successful request",,,"1","1","0","0"
"63","Todos API","/todos/{id}","DELETE","localhost:8080/api/todos/63","OK","200","2","9","Successful request",,,"1","1","0","0"
"64","Todos API","/todos","GET","localhost:8080/api/todos","OK","200","3","2","Successful request",,,"1","1","0","0"
"64","Todos API","/todos","POST","localhost:8080/api/todos","OK","200","4","47","Successful request",,,"1","1","0","0"
"64","Todos API","/todos/{id}","GET","localhost:8080/api/todos/64","OK","200","3","47","Successful request",,,"1","1","0","0"
"64","Todos API","/todos/{id}","PUT","localhost:8080/api/todos/64","OK","200","3","9","Successful request",,,"1","1","0","0"
"64","Todos API","/todos/{id}","DELETE","localhost:8080/api/todos/64","OK","200","3","9","Successful request",,,"1","1","0","0"
"65","Todos API","/todos","GET","localhost:8080/api/todos","OK","200","4","2","Successful request",,,"1","1","0","0"
"65","Todos API","/todos","POST","localhost:8080/api/todos","OK","200","6","47","Successful request",,,"1","1","0","0"
"65","Todos API","/todos/{id}","GET","localhost:8080/api/todos/65","OK","200","3","47","Successful request",,,"1","1","0","0"
"65","Todos API","/todos/{id}","PUT","localhost:8080/api/todos/65","OK","200","3","9","Successful request",,,"1","1","0","0"
"65","Todos API","/todos/{id}","DELETE","localhost:8080/api/todos/65","OK","200","3","9","Successful request",,,"1","1","0","0"
"66","Todos API","/todos","GET","localhost:8080/api/todos","OK","200","3","2","Successful request",,,"1","1","0","0"
"66","Todos API","/todos","POST","localhost:8080/api/todos","OK","200","5","47","Successful request",,,"1","1","0","0"
"66","Todos API","/todos/{id}","GET","localhost:8080/api/todos/66","OK","200","3","47","Successful request",,,"1","1","0","0"
"66","Todos API","/todos/{id}","PUT","localhost:8080/api/todos/66","OK","200","3","9","Successful request",,,"1","1","0","0"
"66","Todos API","/todos/{id}","DELETE","localhost:8080/api/todos/66","OK","200","3","9","Successful request",,,"1","1","0","0"
"67","Todos API","/todos","GET","localhost:8080/api/todos","OK","200","4","2","Successful request",,,"1","1","0","0"
"67","Todos API","/todos","POST","localhost:8080/api/todos","OK","200","4","47","Successful request",,,"1","1","0","0"
"67","Todos API","/todos/{id}","GET","localhost:8080/api/todos/67","OK","200","3","47","Successful request",,,"1","1","0","0"
"67","Todos API","/todos/{id}","PUT","localhost:8080/api/todos/67","OK","200","2","9","Successful request",,,"1","1","0","0"
"67","Todos API","/todos/{id}","DELETE","localhost:8080/api/todos/67","OK","200","3","9","Successful request",,,"1","1","0","0"
"68","Todos API","/todos","GET","localhost:8080/api/todos","OK","200","4","2","Successful request",,,"1","1","0","0"
"68","Todos API","/todos","POST","localhost:8080/api/todos","OK","200","5","47","Successful request",,,"1","1","0","0"
"68","Todos API","/todos/{id}","GET","localhost:8080/api/todos/68","OK","200","3","47","Successful request",,,"1","1","0","0"
"68","Todos API","/todos/{id}","PUT","localhost:8080/api/todos/68","OK","200","3","9","Successful request",,,"1","1","0","0"
"68","Todos API","/todos/{id}","DELETE","localhost:8080/api/todos/68","OK","200","3","9","Successful request",,,"1","1","0","0"
"69","Todos API","/todos","GET","localhost:8080/api/todos","OK","200","4","2","Successful request",,,"1","1","0","0"
"69","Todos API","/todos","POST","localhost:8080/api/todos","OK","200","4","47","Successful request",,,"1","1","0","0"
"69","Todos API","/todos/{id}","GET","localhost:8080/api/todos/69","OK","200","3","47","Successful request",,,"1","1","0","0"
"69","Todos API","/todos/{id}","PUT","localhost:8080/api/todos/69","OK","200","3","9","Successful request",,,"1","1","0","0"
"69","Todos API","/todos/{id}","DELETE","localhost:8080/api/todos/69","OK","200","3","9","Successful request",,,"1","1","0","0"
"70","Todos API","/todos","GET","localhost:8080/api/todos","OK","200","4","2","Successful request",,,"1","1","0","0"
"70","Todos API","/todos","POST","localhost:8080/api/todos","OK","200","4","47","Successful request",,,"1","1","0","0"
"70","Todos API","/todos/{id}","GET","localhost:8080/api/todos/70","OK","200","2","47","Successful request",,,"1","1","0","0"
"70","Todos API","/todos/{id}","PUT","localhost:8080/api/todos/70","OK","200","3","9","Successful request",,,"1","1","0","0"
"70","Todos API","/todos/{id}","DELETE","localhost:8080/api/todos/70","OK","200","3","9","Successful request",,,"1","1","0","0"
"71","Todos API","/todos","GET","localhost:8080/api/todos","OK","200","5","2","Successful request",,,"1","1","0","0"
"71","Todos API","/todos","POST","localhost:8080/api/todos","OK","200","4","47","Successful request",,,"1","1","0","0"
"71","Todos API","/todos/{id}","GET","localhost:8080/api/todos/71","OK","200","2","47","Successful request",,,"1","1","0","0"
"71","Todos API","/todos/{id}","PUT","localhost:8080/api/todos/71","OK","200","3","9","Successful request",,,"1","1","0","0"
"71","Todos API","/todos/{id}","DELETE","localhost:8080/api/todos/71","OK","200","3","9","Successful request",,,"1","1","0","0"
"72","Todos API","/todos","GET","localhost:8080/api/todos","OK","200","4","2","Successful request",,,"1","1","0","0"
"72","Todos API","/todos","POST","localhost:8080/api/todos","OK","200","4","47","Successful request",,,"1","1","0","0"
"72","Todos API","/todos/{id}","GET","localhost:8080/api/todos/72","OK","200","3","47","Successful request",,,"1","1","0","0"
"72","Todos API","/todos/{id}","PUT","localhost:8080/api/todos/72","OK","200","4","9","Successful request",,,"1","1","0","0"
"72","Todos API","/todos/{id}","DELETE","localhost:8080/api/todos/72","OK","200","3","9","Successful request",,,"1","1","0","0"
"73","Todos API","/todos","GET","localhost:8080/api/todos","OK","200","4","2","Successful request",,,"1","1","0","0"
"73","Todos API","/todos","POST","localhost:8080/api/todos","OK","200","4","47","Successful request",,,"1","1","0","0"
"73","Todos API","/todos/{id}","GET","localhost:8080/api/todos/73","OK","200","3","47","Successful request",,,"1","1","0","0"
"73","Todos API","/todos/{id}","PUT","localhost:8080/api/todos/73","OK","200","4","9","Successful request",,,"1","1","0","0"
"73","Todos API","/todos/{id}","DELETE","localhost:8080/api/todos/73","OK","200","2","9","Successful request",,,"1","1","0","0"
"74","Todos API","/todos","GET","localhost:8080/api/todos","OK","200","4","2","Successful request",,,"1","1","0","0"
"74","Todos API","/todos","POST","localhost:8080/api/todos","OK","200","5","47","Successful request",,,"1","1","0","0"
"74","Todos API","/todos/{id}","GET","localhost:8080/api/todos/74","OK","200","2","47","Successful request",,,"1","1","0","0"
"74","Todos API","/todos/{id}","PUT","localhost:8080/api/todos/74","OK","200","3","9","Successful request",,,"1","1","0","0"
"74","Todos API","/todos/{id}","DELETE","localhost:8080/api/todos/74","OK","200","3","9","Successful request",,,"1","1","0","0"
"75","Todos API","/todos","GET","localhost:8080/api/todos","OK","200","4","2","Successful request",,,"1","1","0","0"
"75","Todos API","/todos","POST","localhost:8080/api/todos","OK","200","4","47","Successful request",,,"1","1","0","0"
"75","Todos API","/todos/{id}","GET","localhost:8080/api/todos/75","OK","200","3","47","Successful request",,,"1","1","0","0"
"75","Todos API","/todos/{id}","PUT","localhost:8080/api/todos/75","OK","200","3","9","Successful request",,,"1","1","0","0"
"75","Todos API","/todos/{id}","DELETE","localhost:8080/api/todos/75","OK","200","2","9","Successful request",,,"1","1","0","0"
"76","Todos API","/todos","GET","localhost:8080/api/todos","OK","200","3","2","Successful request",,,"1","1","0","0"
"76","Todos API","/todos","POST","localhost:8080/api/todos","OK","200","4","47","Successful request",,,"1","1","0","0"
"76","Todos API","/todos/{id}","GET","localhost:8080/api/todos/76","OK","200","2","47","Successful request",,,"1","1","0","0"
"76","Todos API","/todos/{id}","PUT","localhost:8080/api/todos/76","OK","200","3","9","Successful request",,,"1","1","0","0"
"76","Todos API","/todos/{id}","DELETE","localhost:8080/api/todos/76","OK","200","3","9","Successful request",,,"1","1","0","0"
"77","Todos API","/todos","GET","localhost:8080/api/todos","OK","200","5","2","Successful request",,,"1","1","0","0"
"77","Todos API","/todos","POST","localhost:8080/api/todos","OK","200","5","47","Successful request",,,"1","1","0","0"
"77","Todos API","/todos/{id}","GET","localhost:8080/api/todos/77","OK","200","2","47","Successful request",,,"1","1","0","0"
"77","Todos API","/todos/{id}","PUT","localhost:8080/api/todos/77","OK","200","3","9","Successful request",,,"1","1","0","0"
"77","Todos API","/todos/{id}","DELETE","localhost:8080/api/todos/77","OK","200","3","9","Successful request",,,"1","1","0","0"
"78","Todos API","/todos","GET","localhost:8080/api/todos","OK","200","4","2","Successful request",,,"1","1","0","0"
"78","Todos API","/todos","POST","localhost:8080/api/todos","OK","200","4","47","Successful request",,,"1","1","0","0"
"78","Todos API","/todos/{id}","GET","localhost:8080/api/todos/78","OK","200","2","47","Successful request",,,"1","1","0","0"
"78","Todos API","/todos/{id}","PUT","localhost:8080/api/todos/78","OK","200","3","9","Successful request",,,"1","1","0","0"
"78","Todos API","/todos/{id}","DELETE","localhost:8080/api/todos/78","OK","200","3","9","Successful request",,,"1","1","0","0"
"79","Todos API","/todos","GET","localhost:8080/api/todos","OK","200","3","2","Successful request",,,"1","1","0","0"
"79","Todos API","/todos","POST","localhost:8080/api/todos","OK","200","4","47","Successful request",,,"1","1","0","0"
"79","Todos API","/todos/{id}","GET","localhost:8080/api/todos/79","OK","200","6","47","Successful request",,,"1","1","0","0"
"79","Todos API","/todos/{id}","PUT","localhost:8080/api/todos/79","OK","200","3","9","Successful request",,,"1","1","0","0"
"79","Todos API","/todos/{id}","DELETE","localhost:8080/api/todos/79","OK","200","3","9","Successful request",,,"1","1","0","0"
"80","Todos API","/todos","GET","localhost:8080/api/todos","OK","200","4","2","Successful request",,,"1","1","0","0"
"80","Todos API","/todos","POST","localhost:8080/api/todos","OK","200","5","47","Successful request",,,"1","1","0","0"
"80","Todos API","/todos/{id}","GET","localhost:8080/api/todos/80","OK","200","2","47","Successful request",,,"1","1","0","0"
"80","Todos API","/todos/{id}","PUT","localhost:8080/api/todos/80","OK","200","5","9","Successful request",,,"1","1","0","0"
"80","Todos API","/todos/{id}","DELETE","localhost:8080/api/todos/80","OK","200","3","9","Successful request",,,"1","1","0","0"
"81","Todos API","/todos","GET","localhost:8080/api/todos","OK","200","4","2","Successful request",,,"1","1","0","0"
"81","Todos API","/todos","POST","localhost:8080/api/todos","OK","200","4","47","Successful request",,,"1","1","0","0"
"81","Todos API","/todos/{id}","GET","localhost:8080/api/todos/81","OK","200","3","47","Successful request",,,"1","1","0","0"
"81","Todos API","/todos/{id}","PUT","localhost:8080/api/todos/81","OK","200","3","9","Successful request",,,"1","1","0","0"
"81","Todos API","/todos/{id}","DELETE","localhost:8080/api/todos/81","OK","200","3","9","Successful request",,,"1","1","0","0"
"82","Todos API","/todos","GET","localhost:8080/api/todos","OK","200","5","2","Successful request",,,"1","1","0","0"
"82","Todos API","/todos","POST","localhost:8080/api/todos","OK","200","4","47","Successful request",,,"1","1","0","0"
"82","Todos API","/todos/{id}","GET","localhost:8080/api/todos/82","OK","200","2","47","Successful request",,,"1","1","0","0"
"82","Todos API","/todos/{id}","PUT","localhost:8080/api/todos/82","OK","200","3","9","Successful request",,,"1","1","0","0"
"82","Todos API","/todos/{id}","DELETE","localhost:8080/api/todos/82","OK","200","3","9","Successful request",,,"1","1","0","0"
"83","Todos API","/todos","GET","localhost:8080/api/todos","OK","200","3","2","Successful request",,,"1","1","0","0"
"83","Todos API","/todos","POST","localhost:8080/api/todos","OK","200","4","47","Successful request",,,"1","1","0","0"
"83","Todos API","/todos/{id}","GET","localhost:8080/api/todos/83","OK","200","3","47","Successful request",,,"1","1","0","0"
"83","Todos API","/todos/{id}","PUT","localhost:8080/api/todos/83","OK","200","3","9","Successful request",,,"1","1","0","0"
"83","Todos API","/todos/{id}","DELETE","localhost:8080/api/todos/83","OK","200","3","9","Successful request",,,"1","1","0","0"
"84","Todos API","/todos","GET","localhost:8080/api/todos","OK","200","4","2","Successful request",,,"1","1","0","0"
"84","Todos API","/todos","POST","localhost:8080/api/todos","OK","200","4","47","Successful request",,,"1","1","0","0"
"84","Todos API","/todos/{id}","GET","localhost:8080/api/todos/84","OK","200","2","47","Successful request",,,"1","1","0","0"
"84","Todos API","/todos/{id}","PUT","localhost:8080/api/todos/84","OK","200","4","9","Successful request",,,"1","1","0","0"
"84","Todos API","/todos/{id}","DELETE","localhost:8080/api/todos/84","OK","200","3","9","Successful request",,,"1","1","0","0"
"85","Todos API","/todos","GET","localhost:8080/api/todos","OK","200","4","2","Successful request",,,"1","1","0","0"
"85","Todos API","/todos","POST","localhost:8080/api/todos","OK","200","4","47","Successful request",,,"1","1","0","0"
"85","Todos API","/todos/{id}","GET","localhost:8080/api/todos/85","OK","200","2","47","Successful request",,,"1","1","0","0"
"85","Todos API","/todos/{id}","PUT","localhost:8080/api/todos/85","OK","200","3","9","Successful request",,,"1","1","0","0"
"85","Todos API","/todos/{id}","DELETE","localhost:8080/api/todos/85","OK","200","4","9","Successful request",,,"1","1","0","0"
"86","Todos API","/todos","GET","localhost:8080/api/todos","OK","200","4","2","Successful request",,,"1","1","0","0"
"86","Todos API","/todos","POST","localhost:8080/api/todos","OK","200","4","47","Successful request",,,"1","1","0","0"
"86","Todos API","/todos/{id}","GET","localhost:8080/api/todos/86","OK","200","2","47","Successful request",,,"1","1","0","0"
"86","Todos API","/todos/{id}","PUT","localhost:8080/api/todos/86","OK","200","3","9","Successful request",,,"1","1","0","0"
"86","Todos API","/todos/{id}","DELETE","localhost:8080/api/todos/86","OK","200","3","9","Successful request",,,"1","1","0","0"
"87","Todos API","/todos","GET","localhost:8080/api/todos","OK","200","4","2","Successful request",,,"1","1","0","0"
"87","Todos API","/todos","POST","localhost:8080/api/todos","OK","200","4","47","Successful request",,,"1","1","0","0"
"87","Todos API","/todos/{id}","GET","localhost:8080/api/todos/87","OK","200","3","47","Successful request",,,"1","1","0","0"
"87","Todos API","/todos/{id}","PUT","localhost:8080/api/todos/87","OK","200","3","9","Successful request",,,"1","1","0","0"
"87","Todos API","/todos/{id}","DELETE","localhost:8080/api/todos/87","OK","200","2","9","Successful request",,,"1","1","0","0"
"88","Todos API","/todos","GET","localhost:8080/api/todos","OK","200","3","2","Successful request",,,"1","1","0","0"
"88","Todos API","/todos","POST","localhost:8080/api/todos","OK","200","4","47","Successful request",,,"1","1","0","0"
"88","Todos API","/todos/{id}","GET","localhost:8080/api/todos/88","OK","200","2","47","Successful request",,,"1","1","0","0"
"88","Todos API","/todos/{id}","PUT","localhost:8080/api/todos/88","OK","200","2","9","Successful request",,,"1","1","0","0"
"88","Todos API","/todos/{id}","DELETE","localhost:8080/api/todos/88","OK","200","3","9","Successful request",,,"1","1","0","0"
"89","Todos API","/todos","GET","localhost:8080/api/todos","OK","200","4","2","Successful request",,,"1","1","0","0"
"89","Todos API","/todos","POST","localhost:8080/api/todos","OK","200","4","47","Successful request",,,"1","1","0","0"
"89","Todos API","/todos/{id}","GET","localhost:8080/api/todos/89","OK","200","3","47","Successful request",,,"1","1","0","0"
"89","Todos API","/todos/{id}","PUT","localhost:8080/api/todos/89","OK","200","3","9","Successful request",,,"1","1","0","0"
"89","Todos API","/todos/{id}","DELETE","localhost:8080/api/todos/89","OK","200","3","9","Successful request",,,"1","1","0","0"
"90","Todos API","/todos","GET","localhost:8080/api/todos","OK","200","4","2","Successful request",,,"1","1","0","0"
"90","Todos API","/todos","POST","localhost:8080/api/todos","OK","200","4","47","Successful request",,,"1","1","0","0"
"90","Todos API","/todos/{id}","GET","localhost:8080/api/todos/90","OK","200","3","47","Successful request",,,"1","1","0","0"
"90","Todos API","/todos/{id}","PUT","localhost:8080/api/todos/90","OK","200","3","9","Successful request",,,"1","1","0","0"
"90","Todos API","/todos/{id}","DELETE","localhost:8080/api/todos/90","OK","200","3","9","Successful request",,,"1","1","0","0"
"91","Todos API","/todos","GET","localhost:8080/api/todos","OK","200","3","2","Successful request",,,"1","1","0","0"
"91","Todos API","/todos","POST","localhost:8080/api/todos","OK","200","4","47","Successful request",,,"1","1","0","0"
"91","Todos API","/todos/{id}","GET","localhost:8080/api/todos/91","OK","200","2","47","Successful request",,,"1","1","0","0"
"91","Todos API","/todos/{id}","PUT","localhost:8080/api/todos/91","OK","200","3","9","Successful request",,,"1","1","0","0"
"91","Todos API","/todos/{id}","DELETE","localhost:8080/api/todos/91","OK","200","3","9","Successful request",,,"1","1","0","0"
"92","Todos API","/todos","GET","localhost:8080/api/todos","OK","200","4","2","Successful request",,,"1","1","0","0"
"92","Todos API","/todos","POST","localhost:8080/api/todos","OK","200","4","47","Successful request",,,"1","1","0","0"
"92","Todos API","/todos/{id}","GET","localhost:8080/api/todos/92","OK","200","2","47","Successful request",,,"1","1","0","0"
"92","Todos API","/todos/{id}","PUT","localhost:8080/api/todos/92","OK","200","2","9","Successful request",,,"1","1","0","0"
"92","Todos API","/todos/{id}","DELETE","localhost:8080/api/todos/92","OK","200","3","9","Successful request",,,"1","1","0","0"
"93","Todos API","/todos","GET","localhost:8080/api/todos","OK","200","3","2","Successful request",,,"1","1","0","0"
"93","Todos API","/todos","POST","localhost:8080/api/todos","OK","200","3","47","Successful request",,,"1","1","0","0"
"93","Todos API","/todos/{id}","GET","localhost:8080/api/todos/93","OK","200","3","47","Successful request",,,"1","1","0","0"
"93","Todos API","/todos/{id}","PUT","localhost:8080/api/todos/93","OK","200","3","9","Successful request",,,"1","1","0","0"
"93","Todos API","/todos/{id}","DELETE","localhost:8080/api/todos/93","OK","200","3","9","Successful request",,,"1","1","0","0"
"94","Todos API","/todos","GET","localhost:8080/api/todos","OK","200","4","2","Successful request",,,"1","1","0","0"
"94","Todos API","/todos","POST","localhost:8080/api/todos","OK","200","4","47","Successful request",,,"1","1","0","0"
"94","Todos API","/todos/{id}","GET","localhost:8080/api/todos/94","OK","200","2","47","Successful request",,,"1","1","0","0"
"94","Todos API","/todos/{id}","PUT","localhost:8080/api/todos/94","OK","200","3","9","Successful request",,,"1","1","0","0"
"94","Todos API","/todos/{id}","DELETE","localhost:8080/api/todos/94","OK","200","3","9","Successful request",,,"1","1","0","0"
"95","Todos API","/todos","GET","localhost:8080/api/todos","OK","200","3","2","Successful request",,,"1","1","0","0"
"95","Todos API","/todos","POST","localhost:8080/api/todos","OK","200","4","47","Successful request",,,"1","1","0","0"
"95","Todos API","/todos/{id}","GET","localhost:8080/api/todos/95","OK","200","2","47","Successful request",,,"1","1","0","0"
"95","Todos API","/todos/{id}","PUT","localhost:8080/api/todos/95","OK","200","3","9","Successful request",,,"1","1","0","0"
"95","Todos API","/todos/{id}","DELETE","localhost:8080/api/todos/95","OK","200","3","9","Successful request",,,"1","1","0","0"
"96","Todos API","/todos","GET","localhost:8080/api/todos","OK","200","3","2","Successful request",,,"1","1","0","0"
"96","Todos API","/todos","POST","localhost:8080/api/todos","OK","200","4","47","Successful request",,,"1","1","0","0"
"96","Todos API","/todos/{id}","GET","localhost:8080/api/todos/96","OK","200","3","47","Successful request",,,"1","1","0","0"
"96","Todos API","/todos/{id}","PUT","localhost:8080/api/todos/96","OK","200","3","9","Successful request",,,"1","1","0","0"
"96","Todos API","/todos/{id}","DELETE","localhost:8080/api/todos/96","OK","200","3","9","Successful request",,,"1","1","0","0"
"97","Todos API","/todos","GET","localhost:8080/api/todos","OK","200","4","2","Successful request",,,"1","1","0","0"
"97","Todos API","/todos","POST","localhost:8080/api/todos","OK","200","6","47","Successful request",,,"1","1","0","0"
"97","Todos API","/todos/{id}","GET","localhost:8080/api/todos/97","OK","200","2","47","Successful request",,,"1","1","0","0"
"97","Todos API","/todos/{id}","PUT","localhost:8080/api/todos/97","OK","200","3","9","Successful request",,,"1","1","0","0"
"97","Todos API","/todos/{id}","DELETE","localhost:8080/api/todos/97","OK","200","3","9","Successful request",,,"1","1","0","0"
"98","Todos API","/todos","GET","localhost:8080/api/todos","OK","200","4","2","Successful request",,,"1","1","0","0"
"98","Todos API","/todos","POST","localhost:8080/api/todos","OK","200","4","47","Successful request",,,"1","1","0","0"
"98","Todos API","/todos/{id}","GET","localhost:8080/api/todos/98","OK","200","2","47","Successful request",,,"1","1","0","0"
"98","Todos API","/todos/{id}","PUT","localhost:8080/api/todos/98","OK","200","3","9","Successful request",,,"1","1","0","0"
"98","Todos API","/todos/{id}","DELETE","localhost:8080/api/todos/98","OK","200","3","9","Successful request",,,"1","1","0","0"
"99","Todos API","/todos","GET","localhost:8080/api/todos","OK","200","3","2","Successful request",,,"1","1","0","0"
"99","Todos API","/todos","POST","localhost:8080/api/todos","OK","200","5","47","Successful request",,,"1","1","0","0"
"99","Todos API","/todos/{id}","GET","localhost:8080/api/todos/99","OK","200","3","47","Successful request",,,"1","1","0","0"
"99","Todos API","/todos/{id}","PUT","localhost:8080/api/todos/99","OK","200","2","9","Successful request",,,"1","1","0","0"
"99","Todos API","/todos/{id}","DELETE","localhost:8080/api/todos/99","OK","200","2","9","Successful request",,,"1","1","0","0"
"100","Todos API","/todos","GET","localhost:8080/api/todos","OK","200","3","2","Successful request",,,"1","1","0","0"
"100","Todos API","/todos","POST","localhost:8080/api/todos","OK","200","4","48","Successful request",,,"1","1","0","0"
"100","Todos API","/todos/{id}","GET","localhost:8080/api/todos/100","OK","200","3","48","Successful request",,,"1","1","0","0"
"100","Todos API","/todos/{id}","PUT","localhost:8080/api/todos/100","OK","200","2","9","Successful request",,,"1","1","0","0"
"100","Todos API","/todos/{id}","DELETE","localhost:8080/api/todos/100","OK","200","2","9","Successful request",,,"1","1","0","0"